,stress,original mu,original sigma,new mu,common sigma,sigma change
0,200.0,4.250584444980797,0.4826865122257262,4.224010279220786,0.5424817837771654,+12.39%
1,150.0,5.075359928153159,0.6588362975649555,5.024200204575438,0.5424817837771654,-17.66%
2,100.0,6.06552072885924,0.4667755983487839,6.1520045610508305,0.5424817837771654,+16.22%
