,ALT_model,Log-likelihood,AICc,BIC,0,1,2
0,Lognormal_Eyring,-111.9634512941455,230.84997951136793,234.13049473327746,217.40075527180906,-8.535987720921211,0.5454403235235974
1,Lognormal_Power,-111.9932217805087,230.90952048409434,234.19003570600387,171710642.01590252,-2.781507789258483,0.5424817837771654
2,Lognormal_Exponential,-112.09185755301077,231.10679202909847,234.387307251008,352.8640568917955,13.315934570191379,0.5506677425476926
