,temp,time,censor
count,30.0,30.0,30.0
mean,150.0,205.96666666666667,0.4
std,41.52273992686998,172.6895726607346,0.4982728791224399
min,100.0,30.0,0.0
25%,100.0,70.0,0.0
50%,150.0,157.0,0.0
75%,200.0,328.5,1.0
max,200.0,540.0,1.0
