Metric,Predicted Value
B1 Life,1324.7569514968727
B5 Life,1928.0437896099406
B10 Life,2355.056301500642
B50 Life,4769.653887325342
CDF at time 1000,0.2277%
CDF at time 2000,5.7247%
CDF at time 5000,53.4127%
Mean Life (MTTF),5550.517814409357
